1914970460,male,1982
1763002892,female,2012
1393149022,female,1989
1874558553,female,1983
1236152791,male,1971
1354517115,male,1987
2418357490,male,1998
1796758890,male,1997
2136002853,male,1991
2149961441,male,1994
1656358131,male,1963
2939471723,male,1992
2730756057,male,1991
2097615202,male,1989
1849106510,male,1977
2402979314,male,1980
1411665405,male,1985
1704875722,female,1968
1410229377,male,1977
1838191581,male,1987
2292395352,female,1977
1753008650,female,1992
2197948165,female,1993
2683272127,male,1979
3217065991,female,1990
2009601205,male,1992
1266695855,female,1990
1686551030,male,1988
1562272067,male,1980
1679161161,male,1988
1620238805,male,1990
1708921472,female,1984
1002616690,male,1982
1566687573,male,1982
1719727661,male,1987
1638988224,male,1985
1589216564,male,1984
1057149887,male,1981
1785712002,female,1990
1692232652,male,1983
2156279047,female,1987
2533022300,male,1987
1443800650,female,1965
1928467830,female,1984
2642486427,male,1973
2862971980,male,1993
1891415512,female,1988
2784886572,female,1991
2414354311,female,1992
1706342874,male,1994
1836785725,male,1991
3097848931,male,1989
2516970123,male,1983
1487200655,male,1979
1057040427,male,1988
1145694502,male,1980
1935383602,male,1981
2549575680,male,1986
1629931495,male,1990
1772338297,male,1984
1598389457,female,1985
2269941137,male,1967
2482302907,male,1970
3299938607,female,1989
2848052465,male,1992
1832324685,female,1988
2233556250,male,1971
1001434124,male,1983
1821911197,male,1983
1530245941,female,1988
1808735032,male,1981
1212892431,male,1968
2824634882,female,1982
1855775494,male,1985
2217842072,male,1977
1867717233,female,1989
41547091,male,1988
2756952197,female,1989
1890297767,male,1979
1761129715,female,1996
1272899511,male,1986
1627895157,male,1981
1737262944,male,1989
1845588723,male,1981
1646413202,male,1983
1669620075,male,1981
1073876961,male,1964
1195308250,male,1980
1917847105,female,1986
1092622642,male,1990
2230524360,male,1987
2506149235,female,1995
2818051172,female,1986
1774122834,male,1991
2457727315,male,1990
2668520945,male,1989
1430970507,male,1979
1253221694,male,1973
2737940445,female,1993
2397602747,male,1983
1037363394,male,1978
2889048570,male,1988
1380102411,male,1987
2254950172,male,1989
2332597000,female,2000
2550854181,male,1998
1489740861,male,1987
2255754161,female,1988
1869874111,male,1980
3147139811,male,1992
1645763847,male,1988
2242916821,female,1987
1840088561,male,1990
1063196274,female,1985
1832051482,male,1980
2383538307,male,1990
1154605101,male,1983
1940505223,male,1989
1348770327,male,1989
2683421063,female,1983
1847527081,male,1994
1994445911,male,1984
2315589881,female,1992
2994796494,male,1982
2268410480,male,1987
1786637925,male,1989
2187827431,female,1989
1075102111,male,1985
2686380815,female,1987
2213034992,female,1988
2805131743,male,1979
2830410551,male,1989
1240161947,male,1986
1568910263,male,1986
1496882083,male,1982
2704317021,male,1992
1779594455,female,1989
1400384474,male,1972
1802212913,female,1992
2378014873,male,1992
2671457627,male,1981
2095096485,male,1989
2809865083,male,1988
2156411003,male,1989
1785207243,male,1984
2674436061,male,1988
2294285180,male,1993
2418811797,male,1990
2163571254,male,1976
2400965571,female,1989
3105672711,male,1992
2243776923,male,1978
2803960752,male,1992
2275811254,male,1980
2638304883,male,1989
3121248073,female,1993
1826864751,male,1984
1198280133,female,1984
2632054873,female,1998
1337268337,female,1987
2364357215,male,1986
2083952815,female,1985
1717032972,male,1974
2201425205,male,1991
1849887552,male,1985
1724632547,male,1990
1943686705,male,1990
2403365687,male,1992
1756964155,male,1986
1897060254,male,1991
1845373475,male,1989
1849278037,male,1988
1916855475,female,1990
1750313925,female,1983
2336681445,female,1994
2219577353,female,1989
1291193363,male,1985
1740129667,female,1986
1773563311,female,1982
3445996272,female,1956
1938854461,male,1989
1338305984,male,1988
1661152154,male,1985
2153250635,male,1988
1834293922,male,1975
1856633212,male,1989
2873662241,male,1987
1812437321,male,1984
2650847391,male,1991
2652330067,female,1990
2722729647,male,1987
2704863633,male,1991
1735933240,male,1978
2163032273,male,1984
1657741735,male,1991
2704345563,female,1983
1752817217,male,1989
2268514112,female,1992
1774814945,male,1987
1720647354,female,1981
1421130295,male,1976
1711793060,male,1988
1145982830,female,1974
1775474787,male,1979
1862186693,male,1991
1101412162,male,1977
1779675535,female,1980
1562880105,male,1983
2941447991,female,1992
2001017573,male,1975
2315425421,male,1990
1265054220,male,1990
1684447120,female,1985
1316955102,male,1988
3005906315,female,1993
2747203085,female,1988
1783442701,female,1987
1169528614,male,1980
2858662770,male,1982
1906456633,male,1983
1064586090,male,1978
3193590133,male,1968
2481552541,male,1990
1404389157,male,1977
61419384,female,1971
1910920345,male,1974
1474159222,male,1982
1233655885,female,1983
2714610377,male,1987
1890300142,male,1982
3032757067,male,1985
1632610993,male,1988
1741432494,female,1982
2811834994,female,1990
1909371004,male,1989
2251656881,female,1980
1309105290,male,1992
2663023893,male,1976
1770117103,male,1986
2676914791,male,1987
2344522542,female,1994
2582077925,male,1977
2381148163,male,1993
1747279604,male,1988
2373790130,male,1989
1285967604,female,1991
2419443753,male,1990
2672023391,male,1991
2495095643,female,1990
1900763911,female,1989
1227958333,male,1987
1429269551,male,1982
2269563394,male,1993
1858813513,male,1979
1435985274,male,1985
1794623180,female,1989
2528740890,male,1990
1458660330,male,1985
2900245273,male,1984
1072842355,male,1985
1714808103,male,1984
2445640355,male,1962
1134420583,male,1981
1411578590,male,1980
1256492164,male,1985
2101706071,male,1989
1195148163,female,1985
2240841385,male,1994
1783330212,male,1990
1880584402,female,1986
1242205021,male,1984
2267172873,male,1986
1848866332,male,1982
2395277917,male,1996
1801959695,female,1994
1789937153,male,1990
1007649733,male,1973
1826068847,female,1987
1854930407,male,1990
2547102751,male,1988
2639248967,female,1979
1801726037,male,1989
2788573140,female,1996
1832197404,female,1989
2340500794,male,1977
2519521773,male,1986
1913187687,female,1991
1276701437,male,1991
1795530127,female,1988
3018486795,male,1987
1153547867,female,1986
1262131614,male,1987
2429258291,male,1986
2370662861,male,1988
1512024080,male,1993
1840571040,female,1990
2631795624,male,1995
1131320413,male,1964
1279833335,male,1985
2922877813,male,1982
2308006724,female,1985
1912464105,female,1989
2501453030,female,1987
1761756465,male,1992
1769958604,male,1989
1992981471,male,1981
1902650383,male,1977
1824939427,male,1982
2311497253,female,1983
1985744427,male,1970
2461108265,male,1993
1195406897,male,1985
2982198705,male,1994
2709465784,male,1988
2704872623,male,1985
1194840563,male,1998
3485952415,male,1978
2553002795,male,1993
2419130191,female,1990
1885461150,male,1982
2994763233,male,1993
2770856873,male,1990
2035385021,male,1991
3203387335,male,1989
2493358291,male,1986
1730161814,male,1993
1865254367,female,1985
1223451344,male,1978
2667738375,male,1990
1680666782,female,1987
2181606161,female,1983
1416145320,male,1982
2043729767,male,1989
3199289281,male,1986
2395720367,female,1991
3021934201,male,1990
2509004150,male,1989
2806936542,male,1980
1339445603,male,1990
1729575877,male,1984
1365264552,female,1987
1597528635,male,1988
1869765940,male,1987
2083356641,male,1986
3097650127,male,1983
2438789090,male,1990
2117002511,female,1991
1721498250,female,1991
1742299715,male,1993
1877076825,male,1987
2120421737,male,1979
2651680553,male,1988
1341249963,female,1988
1835578731,male,1991
1778092423,male,1993
3201236957,male,1982
1971876453,male,1985
3516643691,male,1993
2641463254,male,1974
1708835987,male,2006
1963382417,male,1984
1734309443,male,1986
1635124685,female,1988
2132131695,male,1971
2732083145,male,1987
2128439741,male,1993
1226382457,male,1985
1081372043,male,1982
3156070937,male,1985
1793143151,female,1989
1747478104,male,1990
1701814354,male,1987
2239877201,male,1997
2921080574,male,1986
1216999050,male,1984
2064256551,female,1992
1824494580,female,1983
1465393911,male,1978
1597771472,female,1990
1841039457,male,1993
1541873215,male,1974
1718985082,male,1987
1821086093,male,1986
1884300540,male,1979
1763856113,female,1984
2512952765,female,1983
1644982400,male,1991
3200661514,female,1982
2256989103,male,1970
2810573262,male,1992
2528656921,female,1989
1266913795,female,1990
2581696621,female,1992
3037428625,male,1992
1741471003,male,1990
1362951404,male,1985
2272139524,male,1991
1706963645,male,1975
1749101610,male,1987
1570619181,male,1989
2836013510,male,1986
1755390525,male,1984
2719564820,male,1988
2983907840,male,1991
1749051637,female,1985
1480188070,female,1979
2532245882,male,1985
1726610664,male,1983
1438789551,male,1960
1899199543,male,1991
1425286642,female,1975
1446370680,male,1980
2715421421,male,1984
2402252391,male,1990
2018036573,male,1990
2639003251,male,1987
1261385784,male,1986
2090955355,male,1985
2738797014,male,1984
2397961280,male,1980
2257451123,male,1986
1750141803,male,1990
1988260185,male,1975
1437107583,male,1981
2048751253,male,1989
1739782414,male,1979
2710668241,female,1992
2364869813,male,1979
1405556947,male,1980
2881651764,female,1980
1802262780,male,1975
1062062082,male,1981
2864006360,male,1988
1582431311,male,1989
1519844751,male,1998
2845668000,female,1985
2329558923,male,1989
2219536107,male,1983
1946740995,male,1984
1199547237,female,1986
2597949034,male,1988
2305163354,male,1986
1046944355,female,1980
1747930015,female,1989
1694278203,male,1984
1718451280,female,1985
2637919721,male,1992
2918967392,male,1979
2632993415,male,1989
2653472443,female,1992
1850339007,female,1991
2195737195,female,1990
1750849431,female,1982
1593638073,male,1956
1934302087,male,1982
1168845825,male,1987
2232755881,female,1986
1813630352,male,1987
1089431563,male,1982
1913590325,male,1982
1723402634,male,1982
2258027095,male,1980
2346504233,male,1990
1198779667,female,1961
2661193613,female,1991
1191376651,male,1986
2315952822,female,1991
1855031847,male,1985
2713141120,male,1989
1172185337,female,1989
2462154732,male,1981
1182602752,male,1985
2494849583,male,1986
2395193045,male,1991
2812704882,male,1986
1708957155,male,1989
2770330671,male,1984
2301266171,male,1992
1756836435,female,1982
3048727690,male,1978
2653799835,female,1990
3076308084,male,1985
1895499021,male,1990
2358679792,female,1987
2715930923,male,1988
2732489855,female,1987
1749075601,female,1990
2461960562,male,1991
1534406663,female,1973
2648448150,male,1992
2322672655,female,1984
1778288007,male,1982
2626294985,male,1988
1957855917,male,1985
1403125013,male,1967
1967578217,male,1988
1536125584,male,1990
2010684267,male,1991
2100031347,male,1987
2338157021,male,1990
2297822620,female,1984
1587122493,female,1988
1812519884,female,1987
1397917323,male,1989
1699905395,male,1979
2826419153,male,1999
1534080124,female,1993
3064458025,male,1993
1634331867,female,1982
1854575121,male,1990
2577116295,female,1993
2422692880,male,1996
1084452145,male,1991
1690339353,male,1992
1285531214,female,1990
1792365963,male,1985
2523904737,male,1982
1407586944,male,1980
2348935605,male,1987
2385066780,male,1992
1813397292,male,1991
2802430671,male,1991
2151208637,male,1984
2214431811,male,1978
2291652443,male,1993
1822699185,female,1978
1733346380,female,1988
2125918271,male,1982
2594926770,female,1988
1833029952,male,1967
3019094253,male,1988
1743963555,female,1990
1936995274,male,1992
3056549105,male,1992
1628273642,male,1981
1223229824,male,1988
1427684561,male,1973
2810943700,male,1976
2651802271,male,1991
2429305477,female,1985
1678939402,male,1983
1529041237,male,1988
1591150261,male,1974
1969365447,male,1989
1808018275,male,1990
2880393041,male,1992
2182811910,male,1990
3249745955,male,1988
2158004157,male,1983
2507282204,male,1990
1670707307,female,1981
1594642361,male,1989
1656783265,male,1990
2905833737,male,1991
2822433131,male,1992
1789774877,male,1991
1842038913,female,1982
1659250914,male,1990
2467626205,male,1988
2311276133,male,1991
1891191473,male,1990
1801867285,male,1988
1750702474,male,1989
1410040684,male,1981
1652726033,male,1989
1380447692,male,1988
334848,male,1970
1644372270,female,1991
2988008467,male,1993
2460835804,male,1991
2291840345,male,1991
2733718627,male,1974
3108919057,female,1973
1882451217,female,1990
1044113481,female,1985
1814271291,male,1969
2626234105,female,1990
2245396161,female,1994
1776474812,male,1988
1295082491,male,1981
1454668585,male,1984
2271675445,female,1990
2773526137,male,1973
1498619000,male,1973
2322791640,female,1984
1618608203,female,1992
2552685371,female,1988
1097559010,male,1981
2656910012,male,1993
2915500361,male,1982
1725971003,male,1990
1441582307,male,1983
2645408622,male,1986
1450208567,male,1984
2273806307,female,1990
1156807011,male,1983
2465292402,male,1989
1337293853,male,1986
3147436910,male,1991
1912093330,male,1981
2880335233,female,1988
2719842701,male,1982
1557965284,male,1991
2532118582,female,1992
1473642967,male,1984
1709644885,male,1981
2653861691,female,2006
1758872764,female,1986
1742369180,male,1987
1747174182,male,1986
1432904495,male,1999
2474308317,male,1994
2784321511,male,1988
2515712462,male,1990
2375098232,male,1989
1800202053,male,1983
2189607571,female,1981
1186369920,male,1987
1749228091,male,1988
1079974894,male,1982
1895165703,male,1965
2480273750,female,1986
2547880305,female,1990
3195898207,male,1983
2272694884,male,1990
1825020637,male,1991
1488461922,male,1979
1740079973,male,1988
1814003972,female,2001
2881075210,male,1985
2671277543,female,1988
1604385120,male,1986
1554190801,male,1979
2744688277,male,1981
2641943523,female,1992
1442324415,male,1983
1033009482,male,1978
2455884387,male,1993
1698143077,male,1980
2360459467,female,1991
1447209971,male,1978
1845807232,male,1992
1916991147,male,1990
1807639553,male,1986
1869135493,male,1983
1645262897,male,1984
2059890835,male,1984
1650772587,male,1987
1705648230,female,1987
1601772722,male,1990
2770323867,male,1992
1856477682,female,1990
2780358400,male,1992
1562190023,male,1987
2793568640,male,1984
2265730167,male,1988
2283017000,male,1990
1085325134,male,1988
1040014005,male,1967
3143445257,female,1989
3229225203,female,1990
1798308100,male,1980
1838964595,female,1991
1411755737,male,1984
1913644763,male,1988
1055037914,male,1984
1802129715,male,1981
1427853850,male,1976
1215233725,female,1981
1769459054,female,1989
3145187785,male,1978
1688737393,male,1985
2325058815,male,1994
1886702350,male,1989
1683182625,female,1987
2345291501,male,1984
1421227401,male,1983
1460118780,male,1981
2473407055,male,1982
1739050361,male,1989
2277642625,female,1989
2411589077,male,1978
1080751902,male,1964
2083903975,male,1993
1890234751,male,1986
1706388565,male,1987
1795705157,male,1995
2414259765,male,1990
1646174212,male,1971
2701277834,male,1990
2567226767,female,1991
1879946704,female,1985
2216867495,male,1984
1912492714,female,1996
2495424915,male,1992
2537865303,female,1991
1672019473,male,1990
2523586895,male,1984
1663387787,female,1988
2247605827,female,1987
2133693723,male,1993
1824327963,male,1979
2459163542,male,1985
2299828595,male,1974
1736481434,male,1988
2704499620,female,1976
1808868032,male,1990
2562900590,male,1987
3171217184,male,1982
1214715861,male,1986
2714908957,male,1988
2425664605,female,1989
1132853697,male,1985
1313597291,female,1993
1635526904,male,1988
1723176453,female,1988
2759480757,male,1985
1612317601,female,1989
2936972804,male,1990
1944738790,male,1982
2820901547,male,1982
3187457720,male,1984
1161190494,male,1985
1791997901,female,1982
1682358095,female,1990
1803423167,male,1997
1244116792,male,1969
2253875302,female,1990
1878018051,male,1994
2667759853,male,1982
2162841384,male,1989
2399261133,male,1972
2462584292,female,1982
2250581903,male,1988
2010880423,female,1988
2812133050,male,1992
2253560473,male,1989
2048046853,male,1978
1229514761,male,1986
1896917423,male,1978
2203197232,female,1993
1827183417,female,1988
2634723891,male,1982
1873931330,female,1989
1787921645,male,1988
2714265892,male,1989
2450964365,male,1970
2417153353,male,1986
2571225687,male,1989
1955388797,male,1987
2690940267,male,1983
1769499381,male,1979
1744437603,male,1984
2611894214,male,1990
1848692584,male,1985
1790059265,male,1992
1679000902,male,1991
1149606622,male,1982
1098439751,male,1985
2682860945,female,1991
2650392021,male,1985
2106549554,male,1991
2751091175,male,1987
1883264857,male,1991
1784221090,male,1988
2202698415,male,1981
1881643502,male,1987
1652885647,male,1984
1811889527,male,1989
2834608924,male,1988
1017237497,male,1982
2411086232,female,1992
1522810623,male,1987
1670453055,male,1977
2755493845,male,1992
1952012631,male,1986
1975220404,female,1985
2429126283,male,1985
1893818995,female,1989
1132905832,male,1983
1824038471,female,1990
2813680824,male,1992
2774611021,male,1995
2501004430,male,1990
2531948465,male,1989
2548183854,male,1993
1872415702,female,1985
2689165484,female,1992
1904002323,male,1987
2425509552,male,1970
2183783371,male,1991
1873922897,male,1994
1652625882,female,1988
2358501817,male,1986
2214710612,male,1991
3179241774,male,1984
2812364547,female,1991
1671878145,male,1984
1910296237,male,1987
2191868531,female,1990
2396475041,male,1991
2327260745,male,1974
2089846441,male,1981
1891131747,male,1990
2087761441,male,1957
1342451464,male,1983
1214004045,male,1985
2567039631,female,1991
2546073467,male,1977
2692924713,male,1985
2310567952,male,1986
2350433790,male,1988
1730253003,male,1983
1316731135,male,1991
2646460732,male,1988
2377375280,male,1970
1069413290,male,1989
2129722572,female,1992
1756612321,male,1964
1280595180,male,1991
1145702832,male,1967
1805574383,male,1983
2126132232,female,1985
1081615637,male,1964
2212769345,male,1987
2270877305,female,1990
1645167497,male,1986
1192803233,male,1986
2376541610,male,1987
2252814920,male,1977
2017313361,male,1995
2798917321,female,1983
2355127521,male,1991
1990703841,female,1988
1868234514,male,1988
2769265435,male,1995
2657168903,male,1982
1401693994,male,1976
1649962254,male,1988
1165817394,male,1981
2719343793,female,1989
2447845567,male,1975
2620069663,male,1988
2347003561,male,1990
1881493547,male,1992
1816438825,male,1984
2456033462,male,1993
1749213591,male,1983
2549528477,male,1974
1130571394,male,1971
1603684890,female,1987
2642310523,male,1988
2149567941,male,1990
1743599744,female,1990
2742133462,female,1990
3207842555,male,1990
1248740475,female,1986
1919316283,male,1987
2557256294,female,1992
2748328195,male,1999
1836501220,male,1989
1055305990,male,1979
1932051613,male,1993
1449759577,male,1977
1877090941,male,2000
2698795773,male,1981
2478800172,female,1985
2911369843,female,1977
2120811914,male,1990
1347636160,male,1987
2299685837,male,1996
1685606660,male,1986
1424506951,male,1990
2381919821,male,1991
2441062203,female,1991
1793623290,male,1987
2669667481,female,1984
2866849424,female,2002
1844083050,male,1977
2352078641,male,1991
1932751812,male,1990
1650020834,male,1989
1895249144,female,1988
1763515692,female,1983
2449461505,male,1992
2266814072,male,1991
2697840673,male,1985
2251216004,male,1989
2489599325,male,1991
1903805721,male,1983
2907926331,male,1994
1838432314,male,1989
1400948851,male,1970
2500173377,female,1985
2785835474,male,1992
1661856184,male,1985
2800936765,female,1992
1092742434,male,1982
2505452762,female,1990
2696898793,male,1986
1896287095,male,1983
2116974625,male,1984
2141741613,male,1990
1823756602,male,1993
2470416183,female,1989
1397121635,male,1979
3115847410,male,1983
1444825867,male,1982
1766403945,male,1983
1821517953,male,1990
2911242941,male,1993
1730646625,male,1967
1863116113,female,1987
1585825741,male,1972
1760496793,male,1989
1736248183,male,1983
1592061604,male,1992
1265520961,male,1988
2648335771,male,1986
1157920844,male,1977
1468039640,male,1986
2088028827,female,1992
1771283652,male,1991
2659235775,female,2000
1661823392,male,1983
1067219274,female,1981
2618401281,male,1983
2542586991,male,1984
1791034857,male,1992
1408419274,male,1981
1884075884,male,1984
2427144071,male,1992
2209157177,female,1987
2562150782,male,1991
1637520867,male,1983
2482977251,male,1993
1591292615,male,1989
1833633874,male,1987
2627383777,female,1987
2127368322,male,1993
1260747704,male,1986
1854603707,female,1990
2629533291,male,1990
2161125412,male,1993
1743194133,male,1990
1917626114,male,1985
1132410290,female,1984
1917343477,male,1991
1571387912,male,1989
1831604343,female,1987
2385294627,male,1979
2348949051,male,1992
2354841411,male,1988
1829053345,female,1987
1854465043,female,1990
2393683805,male,1989
1802727530,male,1983
1015648157,male,1982
